years,months,future_lucr,kaplan_needed,required_compute,achieved_metr,scaling_factor
1,12,-0.004979766379410069,0.8950202336205899,1e+35,0.04069018302094819,4761904761.904762
2,24,4.452504444871219e-05,0.9000445250444488,1e+35,0.03566589159708941,4761904761.904762
5,60,0.015117399316025064,0.9151173993160251,1e+35,0.02059301732551306,4761904761.904762
10,120,0.04023885643531899,0.940238856435319,1e+35,-0.00452843979378087,4761904761.904762
20,240,0.09048177067390684,0.9904817706739069,1e+35,-0.05477135403236871,4761904761.904762
50,600,0.24121051338967037,1.1412105133896704,1e+35,-0.20550009674813224,4761904761.904762
