{
  "temporal": {
    "slope": 0.6099375008870029,
    "intercept": -1212.2946907301828,
    "r": 0.4387844486103793,
    "formula": "log10(C) = 0.610 * year + -1212.295"
  },
  "parameters": {
    "slope": 1.6803776977756497,
    "intercept": 5.796777393976878,
    "r": 0.8895407757771931,
    "formula": "log10(C) = 1.680 * log10(P) + 5.797"
  },
  "organization_means": {
    "xAI": 4.252729393249119e+25,
    "Anthropic": 1.5178311924645554e+25,
    "Inflection AI": 4.310449043012462e+24,
    "Mistral AI": 3.4625925051779505e+24,
    "MiniMax": 2.9548350277480276e+24,
    "StepFun": 1.882513361768816e+24,
    "Zhipu AI,Tsinghua University": 1.393581255654148e+24,
    "ByteDance": 1.3607887939932104e+24,
    "Huawei": 1.1404535185004218e+24,
    "Xiaomi Corp": 1.0992451955773966e+24,
    "ByteDance,Peking University": 1.0115457536579333e+24,
    "Reka AI": 1.000063059590072e+24,
    "Tencent": 8.530986260688486e+23,
    "Technology Innovation Institute": 5.6062740335312026e+23,
    "Ant Group": 5.3722791632620106e+23,
    "AI Singapore": 4.935310721967932e+23,
    "Arc Institute,Stanford University,NVIDIA,Liquid,University of California (UC) Berkeley,Goodfire,Columbia University,University of California San Francisco": 4.762352359916268e+23,
    "DeepSeek": 4.466087442931856e+23,
    "vivo AI lab": 4.402394504066546e+23,
    "Alibaba": 3.946055063261075e+23,
    "LG AI Research": 3.8845708848543e+23,
    "Preferred Networks Inc": 3.746998799039027e+23,
    "Saudi Data and Artificial Intelligence Authority": 3.6358916728769484e+23,
    "01.AI": 3.411919324202452e+23,
    "Google DeepMind,Google Research": 3.2276510720077546e+23,
    "Nanbeige LLM Lab": 3.1176914536239826e+23,
    "Allen Institute for AI,University of Washington,New York University (NYU)": 2.877498913987634e+23,
    "China Mobile": 2.696633948239902e+23,
    "SambaNova Systems, Inc": 2.6374414875026117e+23,
    "Inspur": 2.5095099123135993e+23,
    "360 Security Technology": 2.4612143344292404e+23,
    "Databricks": 1.6686021359209552e+23,
    "Trillion Labs": 1.6563514119896095e+23,
    "Huawei Noah's Ark Lab": 1.545090288623934e+23,
    "Hugging Face,ServiceNow,NVIDIA,BigCode": 1.5273657092045437e+23,
    "Aleph Alpha": 1.4942549509182112e+23,
    "China Telecom": 1.3779823468797456e+23,
    "Meta AI": 1.3083530273662921e+23,
    "Baichuan": 1.1909400807132977e+23,
    "Rhymes AI": 9.682989990700197e+22,
    "MosaicML": 8.909545442950727e+22,
    "Konan Technology": 8.160380285256336e+22,
    "Google,Google Research": 8.149846624323632e+22,
    "DeepSeek,Peking University": 7.919393893010622e+22,
    "Hugging Face,BigScience": 7.409644124506931e+22,
    "NCSOFT": 6.117615372384957e+22,
    "rinna": 5.538447435879487e+22,
    "NVIDIA": 5.382659531112517e+22,
    "EvolutionaryScale,University of California (UC) Berkeley": 5.374941860150689e+22,
    "Mohamed bin Zayed University of Artificial Intelligence (MBZUAI),Petuum,University of Southern California,Carnegie Mellon University (CMU),University of Illinois Urbana-Champaign (UIUC),University of California San Diego,LLM360": 5.158531070558382e+22,
    "Apple": 4.187541496907768e+22,
    "Technical University of Munich,Med AI Technology,NVIDIA,Oak Ridge National Laboratory,Google,Seoul National University": 3.7085581655004955e+22,
    "Tsinghua University,Beijing Academy of Artificial Intelligence / BAAI,ModelBest,OpenBMB (Open Lab for Big Model Base)": 3.471029818368019e+22,
    "RWKV Foundation,EleutherAI,Ohio State University,University of California Santa Barbara (UCSB),Wroclaw Tech (Wroc\u0142aw University of Science and Technology),Guangdong Laboratory of Artificial Intelligence and Digital Economy (Pazhou Lab),New York University (NYU),Harvard University,Contextual AI,University of Chinese Academy of Sciences,University of California Santa Cruz,Tsinghua University,University of Edinburgh,University of British Columbia (UBC),Pennsylvania State University": 3.2305410073236917e+22,
    "Stability AI": 3.225093806350597e+22,
    "Wayve": 2.9673224177539034e+22,
    "Beijing Academy of Artificial Intelligence / BAAI": 2.418829582542958e+22,
    "Yandex": 2.3685809434158078e+22,
    "Salesforce": 2.3435007381729974e+22,
    "Tsinghua University": 2.184183386340308e+22,
    "EleutherAI": 2.1119957685865686e+22,
    "Google,Google Research,Google Brain": 1.8014438653480162e+22,
    "Google DeepMind": 1.7112588528528096e+22,
    "Technical University of Munich,NVIDIA,Seoul National University,Google,Oak Ridge National Laboratory,Med AI Technology": 1.6838349087722256e+22,
    "Google Brain,Google Research": 1.579009183000524e+22,
    "Sber": 1.5238519006945243e+22,
    "LightOn": 1.4821442762912599e+22,
    "Google Research": 1.259096819265733e+22,
    "Singapore University of Technology & Design": 1.2550419089906221e+22,
    "OpenAI": 1.243688410792297e+22,
    "Microsoft,OpenAI": 1.2393546707863744e+22,
    "IBM Research,NASA,University of Alabama,University of Iceland,Forschungszentrum Julich,Virginia Tech (Virginia Polytechnic Institute and State University),Arizona State University,Oregon State University,Boston University,University of California (UC) Berkeley,Julich Supercomputing Center": 1.1759855724829285e+22,
    "Facebook AI Research,INRIA": 1.1555656817334108e+22,
    "Tsinghua University,ModelBest": 1.1200571413994934e+22,
    "Allen Institute for AI": 1.0772605255925788e+22,
    "PleIAs": 8.973669267636074e+21,
    "Deci AI": 6.081663470276449e+21,
    "Tsinghua University,Beijing Academy of Artificial Intelligence / BAAI": 5.966741991427429e+21,
    "Fish Audio": 5.552244686993405e+21,
    "Microsoft": 5.20911595999507e+21,
    "Technical University of Munich,Columbia University": 4.110960958218895e+21,
    "Allen Institute for AI,University of Washington": 3.94578815673448e+21,
    "Salesforce Research,Columbia University,Johns Hopkins University": 3.853569773599558e+21,
    "Mahidol University,AI Entrepreneurs Association of Thailand": 3.6868143430338457e+21,
    "Facebook,University of Washington": 3.614732521224774e+21,
    "Cohere for AI": 3.3287747688541486e+21,
    "Shanghai AI Lab,Massachusetts Institute of Technology (MIT),Taptap": 3.2310988845499563e+21,
    "Google": 2.985768546859698e+21,
    "Microsoft Research": 2.8909146196691455e+21,
    "Baidu": 2.7508573463784687e+21,
    "Stanford University,University at Buffalo": 2.405286624417156e+21,
    "Meta AI,New York University (NYU),Stanford University,Massachusetts Institute of Technology (MIT)": 2.386696893214121e+21,
    "NVIDIA,Massachusetts Institute of Technology (MIT)": 2.3003136000000084e+21,
    "CyberAgent": 2.2107165897056945e+21,
    "Facebook AI Research": 2.1854393873557118e+21,
    "Amazon": 2.048103679658738e+21,
    "NVIDIA,Aalto University": 2.032825104921726e+21,
    "Facebook": 1.9644366344854713e+21,
    "EleutherAI,Booz Allen Hamilton, McLean,University of Cambridge,Indraprastha Institute of Information Technology\nDelhi,Stability AI,datasaur.ai,University of Amsterdam": 1.8914635029377206e+21,
    "deepset,Bayerische Staatsbibliothek Muenchen": 1.7904633735692354e+21,
    "Carnegie Mellon University (CMU),Google Brain": 1.530309944063617e+21,
    "Hugging Face": 1.2010107896943742e+21,
    "Facebook AI": 1.0642331635166181e+21,
    "Google Research,Google Brain": 9.43897757175007e+20,
    "Craiyon": 9.318818452142954e+20,
    "DeepMind": 9.185045075930888e+20,
    "Cerebras Systems": 7.504441813297741e+20,
    "Google Brain,University of California (UC) Berkeley": 4.9596799896767214e+20,
    "Institute of Science and Technology Austria (ISTA),Neural Magic": 4.5582432405478185e+20,
    "American University of Beirut": 3.977653948905127e+20,
    "Google Brain": 3.551309062126802e+20,
    "Facebook AI Research,New York University (NYU)": 2.4866979175624753e+20,
    "Stanford University,University at Buffalo,University of Michigan": 1.9809088823062987e+20,
    "hexgrad": 1.6848000000000043e+20,