{
  "equal": {
    "slope": 0.0163614589407409,
    "intercept": -1.5163772087683252,
    "r_squared": 0.9451049448974247
  },
  "remaining": {
    "slope": -0.05777430735391193,
    "intercept": 7.850396279779701,
    "r_squared": 0.4346769706715566
  },
  "frontier": {
    "slope": 0.001745222058172894,
    "intercept": -0.2080164750187673,
    "r_squared": 0.7176829574689239
  },
  "binary": {
    "slope": -0.046541370708933105,
    "intercept": 6.478977224899062,
    "r_squared": 0.3441563115682251
  }
}