{
  "slope": 0.0163614589407409,
  "intercept": -1.5163772087683252,
  "r_squared": 0.9451049448974247,
  "n_models": 5,
  "method": "simple_average"
}