{
  "best_form": "Sigmoid",
  "best_r2": 0.99880209059633,
  "best_params": [
    0.1346825233543981,
    1.3044881274044675,
    129.68955865162596,
    0.5441823716980168
  ],
  "all_results": [
    {
      "form": "Linear",
      "r2": 0.9451049448974234,
      "params": [
        0.016361458522867824,
        -1.5163771542489801
      ]
    },
    {
      "form": "Sigmoid",
      "r2": 0.99880209059633,
      "params": [
        0.1346825233543981,
        1.3044881274044675,
        129.68955865162596,
        0.5441823716980168
      ]
    },
    {
      "form": "Logarithmic",
      "r2": 0.9454980140369893,
      "params": [
        2.132342718728193,
        -9.767956944261602
      ]
    },
    {
      "form": "Square Root",
      "r2": 0.9453278577676413,
      "params": [
        0.37359328880120346,
        -3.6486657720332927
      ]
    }
  ]
}