{
  "slope": 0.0017452220581728986,
  "intercept": -0.20801647501876785,
  "r_squared": 0.7176829574689252,
  "n_models": 5,
  "formula": "METR_frontier = 0.001745 * ECI + -0.208016"
}