{
  "n_models": 80,
  "log_error_mean": 0.01455706869798985,
  "log_error_median": -0.03747882898302102,
  "log_error_std": 0.6293293231805627,
  "mae": 0.5188115166632328,
  "median_ratio": 0.9174037366179459,
  "within_2x_pct": 37.5,
  "within_5x_pct": 68.75,
  "within_10x_pct": 87.5
}