{
  "kaplan_constants": {
    "L_inf": 1.69,
    "A": 1.69,
    "alpha": 0.076
  },
  "sigmoid_fit": {
    "k": 309.67105760419616,
    "L_0": 1.7168912028984609,
    "ECI_min": 89.0166287509955,
    "ECI_max": 139.7097855907957,
    "r2": 0.7913733656974365
  },
  "eci_to_metr": {
    "slope": 0.001745,
    "intercept": -0.208016
  }
}