{
  "kaplan_constants": {
    "L_inf": 1.69,
    "A": 1.69,
    "alpha": 0.076
  },
  "linear_fit": {
    "a": -2748.7510638085073,
    "b": 4834.065207155834,
    "r2": 0.7543020407254548
  }
}