{
  "models": [
    "gpt_4",
    "gpt_4_turbo",
    "gpt_4o",
    "o1_preview",
    "claude_3_opus",
    "claude_3_5_sonnet",
    "claude_3_7_sonnet"
  ],
  "compute": [
    2.1e+25,
    2.1e+25,
    8.66331653246133e+24,
    2.5043453385378528e+25,
    5.563148765327616e+24,
    2.700000000000001e+25,
    3.3499999999999998e+25
  ],
  "eci": [
    122.10983844787572,
    122.10983844787572,
    129.08328664033564,
    134.67401049448446,
    126.75047134402726,
    135.07019801492848,
    136.2062792345749
  ],
  "metr": [
    0.0282116465767927,
    0.0210233564963475,
    0.0336365114031417,
    0.0540420942644976,
    0.0288794239477182,
    0.052535061798838,
    0.1169668816210444
  ]
}