parameter,mean,std,p05,p95
a,-26.177666529677293,26.5839400192203,-69.13837945289734,18.221003946007425
b,6.059780992410658,1.109110013394673,4.219593563593954,7.8684966651205315
alpha,-13.679682166990375,0.8821260528456187,-15.071315449571642,-12.1869544545388
beta,0.08115144961623341,0.006852950450047508,0.06956042342745822,0.0920340603123671
scaling_eff,6.059780992410658,1.109110013394673,4.219593563593954,7.8684966651205315
translation_eff,0.0018313959533546485,9.955748724449388e-05,0.001662215206611212,0.001986989832920305
lucr,0.01109988988390976,0.0021306621820986454,0.007611088223462409,0.014594668322836788
