{
  "power_law": {
    "a": null,
    "b": null,
    "c": null,
    "r2": null
  },
  "log_law": {
    "a": 0.014454363442567822,
    "b": -0.30312094683846597,
    "r2": 0.7480707177862103
  },
  "best_fit": "log"
}