scenario,target_years,target_eci,kaplan_compute,tax,actual_compute_needed,available_compute,gap,achievable
1 Year,1,163.41004806932827,6.251697561460402e+29,1.2202715033552958,7.62876838184592e+29,2.00000000000004e+27,381.4384190922884,False
2 Years,2,192.14608564417205,1e+50,1.1970994956815075,1.1970994956815076e+50,8.00000000000016e+27,1.4963743696018546e+22,False
3 Years,3,220.88212321901585,1e+50,1.176365124885187,1.176365124885187e+50,3.200000000000064e+28,3.676141015266136e+21,False
5 Years,5,278.35419836870346,1e+50,1.141210537005307,1.141210537005307e+50,5.120000000000102e+29,2.2289268300884456e+20,False
10 Years,10,422.03438624292244,1e+50,1.0810033705973061,1.0810033705973062e+50,5.2428800000001046e+32,2.0618503009744352e+17,False
20 Years,20,709.3947619913604,1e+50,1.0266547775427197,1.0266547775427198e+50,5.49755813888011e+38,186747416144.98987,False
